label_fr,label_en,label_pt
Génie civil,Civil engineering,Engenharia Civil
103 ans,103 years old,103 anos
Montbéliard (2714),Montbéliard (2714),Montbéliard (2714)
Villeneuve-sur-Lot (7532),Villeneuve-sur-Lot (7532),Villeneuve-sur-lot (7532)
"Administration publique, enseignement, santé humaine et action sociale","Public administration, teaching, human health and social action","Administração Pública, Ensino, Saúde Humana e Ação Social"
54 ans,54 years old,54 anos
"Ailleurs, dans la (une) région de la zone d'emploi","Elsewhere, in the (one) region of the employment area","Em outros lugares, na (uma) região da área de emprego"
La Réunion,Reunion,Reunião
Poitiers (7524),Poitiers (7524),Poitiers (7524)
44 ans,44 years old,44 anos
"Fabrication de textiles, industrie de l’habillement, industrie du cuir et de la chaussure","Manufacturing of textiles, clothing industry, leather and shoe industry","Fabricação de têxteis, indústria de roupas, indústria de couro e calçados"
Lens (3215),Lens (3215),Lente (3215)
En contrat d'apprentissage ou de professionnalisation,On an apprenticeship or professionalization contract,Em um contrato de aprendizagem ou profissionalização
35 ans,35,35
Vesoul (2718),Vesoul (2718),Vesoul (2718)
Autun (2701),Autun (2701),Autun (2701)
Loches (2408),Loches (2408),Loches (2408)
Saclay (1113),Saclay (1113),Saclay (1113)
Fréjus (9309),Fréjus (9309),Fréjus (9309)
Année  1942,Year 1942,Ano de 1942
Année  1931,Year 1931,Ano de 1931
A l'étranger,Abroad,Fora do país
Reims (4413),Reims (4413),Reims (4413)
Année  1973,Year 1973,Ano de 1973
Metz (4410),Metz (4410),Metz (4410)
Sylviculture et exploitation forestière,Forestry and logging,Florestal e madeira
"Commerce, transports et services divers","Trade, transport and various services","Comércio, transporte e vários serviços"
Année  1936,Year 1936,Ano de 1936
Rambouillet (1111),Rambouillet (1111),Rambouillet (1111)
Tarbes-Lourdes (7624),Tarbes-Lourdes (7624),Tarbes-Lourdes (7624)
Cahors (7607),Cahors (7607),Cahors (7607)
Corte (9404),Corte (9404),Corte (9404)
Année  1980,Year 1980,Ano de 1980
Année  1957,Year 1957,Ano de 1957
Année 2009,Year 2009,Ano de 2009
Fabrication de matériels de transport,Manufacturing of transport equipment,Fabricação de equipamentos de transporte
Année  1926,Year 1926,Ano de 1926
Non salariés : Employeurs,Non -salaried: employers,Não escalonado: empregadores
Avranches (2802),Avranches (2802),Avranches (2802)
Activités de services administratifs et de soutien,Administrative and support activities,Atividades administrativas e de apoio
Année  1943,Year 1943,Ano de 1943
Année  1989,Year 1989,Ano de 1989
Transports aériens,Air transport,Transporte aéreo
Fabrication de produits en caoutchouc et en plastique ainsi que d'autres produits minéraux non métalliques,Manufacturing of rubber and plastic products as well as other non -metallic mineral products,"Fabricação de produtos de borracha e plástico, bem como outros produtos minerais não metálicos"
Année  1966,Year 1966,Ano de 1966
110 à 114 ans,110 to 114,110 a 114
Année  1951,Year 1951,Ano de 1951
"Master, DEA, DESS, diplôme grande école niveau bac+5, doctorat de santé","Master, DEA, DESS, Grande School Diploma Level Bac+5, health doctorate","Mestre, DEA, DESS, Diploma da Escola Grande BAC+5, Doutorado em Saúde"
Commerce ; réparation d'automobiles et de motocycles,Trade ; repair of automobiles and motorcycles,Troca ; reparo de automóveis e motocicletas
Marmande (7518),Marmande (7518),Marmande (7518)
28 ans,28 years old,28 anos
Château-Gontier (5204),Château-Gontier (5204),Château-Gontier (5204)
"Activités sportives, récréatives et de loisirs","Sports, recreational and leisure activities","Atividades esportivas, recreativas e de lazer"
Saint Flour (8429),Saint Flour (8429),Farinha Saint (8429)
Année  1953,Year 1953,Ano de 1953
Libourne (7516),Libourne (7516),Libourne (7516)
"Culture et production animale, chasse et services annexes","Culture and animal production, hunting and related services","Cultura e produção animal, caça e serviços relacionados"
Hébergement,Accommodation,Alojamento
67 ans,67 years,67 anos
Dans une autre région: DOM,In another region: Dom,Em outra região: DOM
Hébergement médico-social et social,Medico-social and social accommodation,Medico-social e acomodação social
23 ans,23 years old,23 anos
90 à 94 ans,90 to 94,90 a 94
Guingamp (5306),Guingamp (5306),Guingamp (5306)
Lille (3216),Lille (3216),Lille (3216)
Agde-Pézenas (7601),Agde-Pézenas (7601),Agde-Pézenas (7601)
Techniciens,Technicians,Técnicos
29 ans,29 years old,29 anos
Entreposage et services auxiliaires des transports,Transport storage and auxiliary services,Transporte de armazenamento e serviços auxiliares
Dieppe-Caux maritime (2807),Maritime Dieppe (2807),Maritime Dieppe (2807)
"Industrie manufacturière, industries extractives  et autres","Manufacturing industry, extractive industries and other","Indústria manufatureira, indústrias extrativas e outras"
Briançon (9302),Briançon (9302),Briançon (9302)
Ajaccio (9401),Ajaccio (9401),Ajaccio (9401)
Paris (1109),Paris (1109),Paris (1109)
Année 2007,Year 2007,Ano de 2007
100 ans,100 years,100 anos
Année  1930,Year 1930,Ano de 1930
Nantes (5216),Nantes (5216),Nantes (5216)
89 ans,89 years old,89 anos
Année  1958,Year 1958,Ano de 1958
Construction,Construction,Construção
Fabrication d'autres produits industriels,Manufacture of other industrial products,Fabricação de outros produtos industriais
Bressuire (7506),Bressuire (7506),Bressuire (7506)
Autres activités de services,Other service activities,Outras atividades de serviço
Collecte et traitement des eaux usées,Wastewater collection and treatment,Coleta e tratamento de águas residuais
Haguenau (4409),Haguenau (4409),Haguenau (4409)
Année  1911,Year 1911,Ano 1911
93 ans,93 years,93 anos
Année  1969,Year 1969,Ano de 1969
Dans la zone d'emploi,In the employment area,Na área de emprego
58 ans,58 years old,58 anos
"Activités créatives, artistiques et de spectacle","Creative, artistic and show activities","Atividades criativas, artísticas e de show"
Dole (2712),Dole (2712),Dole (2712)
Caen (2804),Caen (2804),Caen (2804)
Nord-du-Lot (7619),Nord-du-Lot (7619),Nord-Du-Lot (7619)
Brignoles (9303),Brignoles (9303),Brignóis (9303)
Toulon (9318),Toulon (9318),Toulon (9318)
Auxerre (2702),Auxerre (2702),Auxerre (2702)
Actifs ayant un emploi exclusivement,Assets having a job exclusively,Ativos tendo um emprego exclusivamente
Evry (1104),Evry (1104),EVRY (1104)
41 ans,41 years old,41 anos
Publicité et études de marché,Advertising and market studies,Publicidade e estudos de mercado
Le Chablais (8415),Le Chablais (8415),Le Chablais (8415)
"Fabrication de produits métalliques, à l'exception des machines et des équipements","Manufacture of metal products, with the exception of machines and equipment","Fabricação de produtos de metal, com exceção de máquinas e equipamentos"
Hauts-de-France,Hauts-de-France,Hauts-de-France
Valréas (0064),Valréas (0064),Valréas (0064)
Le Centre agglomération (0202),The Agglomeration Center (0202),O Centro de Agglomeração (0202)
Année  1947,Year 1947,Ano de 1947
Activités vétérinaires,Veterinary activities,Atividades veterinárias
"Industries manufacturières, industries extractives et autres","Manufacturing industries, extractive industries and other","Indústrias manufatureiras, indústrias extrativas e outras"
69 ans,69 years old,69 anos
Administration publique et défense ; sécurité sociale obligatoire,Public administration and defense; compulsory social security,Administração pública e defesa; Seguro Social obrigatório
56 ans,56 years,56 anos
Saint-Junien (7527),Saint-Junien (7527),Saint-Junien (7527)
Année  1956,Year 1956,Ano de 1956
Hommes,Men,Homens
100 à 104 ans,100 to 104,100 a 104
50 à 54 ans,50 to 54,50 a 54
Extraction d'hydrocarbures,Hydrocarbon extraction,Extração de hidrocarbonetos
Année  1920,Year 1920,Ano de 1920
92 ans,92 years old,92 anos
Année  1934,Year 1934,Ano de 1934
Réparation et installation de machines et d'équipements,Repair and installation of machines and equipment,Reparo e instalação de máquinas e equipamentos
70 ans,70 years,70 anos
Châtillon-Montbard (2709),Châtillon-Montbard (2709),Châtillon-Montbard (2709)
Dijon (2711),Dijon (2711),Dijon (2711)
"Conducteurs d'engins, caristes, magasiniers et ouvriers du transport (non routier)","Drivers of gear, carists, storekeepers and transport workers (non -road)","Motoristas de equipamentos, caristas, lojas e trabalhadores de transporte (não estrada)"
Aurillac (8403),Aurillac (8403),Aurillac (8403)
71 ans,71 years old,71 anos
"Licence, licence pro, maîtrise, diplôme équivalent de niveau bac+3 ou bac+4","License, pro license, master's degree, equivalent diploma of bac+3 or bac+4 level","Licença, licença profissional, mestrado, diploma equivalente de BAC+3 ou BAC+4 Nível"
Fabrication d'autres matériels de transport,Manufacture of other transport materials,Fabricação de outros materiais de transporte
25 à 29 ans,25 to 29 years old,25 a 29 anos
Actifs ayant un emploi s'étant déclaré chômeur,Assets having a job having declared unemployed,Ativos tendo um emprego tendo declarado desempregado
Beauvais (0054),Beauvais (0054),Beauvais (0054)
48 ans,48 years old,48 anos
Creusot-Montceau (2710),Creusot-Montceau (2710),Creusot-Montceau (2710)
Temps complet,Full -time,Tempo total
Enquêtes et sécurité,Surveys and security,Pesquisas e segurança
Rennes (5315),Rennes (5315),Rennes (5315)
Les Sables-d'Olonne (5214),Les Sables-d'Olonne (5214),Les Sables-D'olonne (5214)
Année  2005,Year 2005,Ano de 2005
"Fabrication d'équipements électriques, électroniques, informatiques ; fabrication de machines","Manufacture of electrical, electronic, computer equipment; Machine manufacture","Fabricação de equipamentos elétricos, eletrônicos e de informática; Fabricação de máquinas"
"Professions de l'enseignement primaire et professionnel, de la formation continue et du sport","Primary and vocational education professions, continuing education and sport","Profissões de educação primária e profissional, educação continuada e esporte"
Coulommiers (1102),Coulommiers (1102),Coulommiers (1102)
Pithiviers (2411),Pithiviers (2411),Pithiviers (2411)
Recherche-développement scientifique,Scientific research-development,Desenvolvimento de pesquisa científica
Industrie du cuir et de la chaussure,Leather and shoe industry,Indústria de couro e calçada
Année  1918,Year 1918,Ano de 1918
Lorient (5309),Lorient (5309),Lorient (5309)
"Exploitants de l'agriculture, sylviculture, pêche et aquaculture","Farmers of agriculture, forestry, fishing and aquaculture","Agricultores de agricultura, silvicultura, pesca e aquicultura"
40 à 44 ans,40 to 44 years old,40 a 44 anos
Evreux (2808),Evreux (2808),Evreux (2808)
Année  1991,Year 1991,Ano de 1991
Sablé-sur-Sarthe (5218),Sablé-sur-Sarthe (5218),Sablé-sur-Sarthe (5218)
Porto-Vecchio (9406),Porto-Vecchio (9406),Porto-Vecchio (9406)
Calais (3207),Calais (3207),Calais (3207)
Année  1925,Year 1925,Ano de 1925
Clermont-Ferrand (8408),Clermont-Ferrand (8408),Clermont-Ferrand (8408)
Saumur (5220),Saumur (5220),Saumur (5220)
Fabrication d'autres produits minéraux non métalliques,Manufacture of other non -metallic mineral products,Fabricação de outros produtos minerais não metálicos
87 ans,87 years old,87 anos
Toulouse (7625),Toulouse (7625),Toulouse (7625)
Avignon (0053),Avignon (0053),Avignon (0053)
94 ans,94 years old,94 anos
"Professions intermédiaires de la fonction publique (administration, sécurité)","Intermediate Public Service Professions (Administration, Security)","Profissões de Serviço Público Intermediário (Administração, Segurança)"
Ouvriers qualifiés de type artisanal,Qualified artisanal type workers,Trabalhadores do tipo artesanal qualificado
Doctorat de recherche (hors santé),Research doctorate (excluding health),Pesquise doutorado (excluindo a saúde)
Année  1987,Year 1987,Ano de 1987
Année  1959,Year 1959,Ano de 1959
"Professions de l'information, de l'art et des spectacles","Information, art and shows professions","Informações, arte e mostra profissões"
85 à 89 ans,85 to 89 years old,85 a 89 anos
Bourg en Bresse (8405),Bourg en Bresse (8405),Bourg en Bresse (8405)
37 ans,37 years old,37 anos
Année  1910,Year 1910,Ano de 1910
Année  1916,Year 1916,Ano de 1916
Ingénieurs et cadres techniques d'entreprise,Engineers and corporate technical executives,Engenheiros e executivos técnicos corporativos
Action sociale sans hébergement,Social action without accommodation,Ação social sem acomodação
Nogent-le-Rotrou (0061),Nogent-le-Rotrou (0061),Nogent-le-rotrou (0061)
Laval (5211),Laval (5211),Laval (5211)
32 ans,32 years old,32 anos
Gien (2407),Gien (2407),Gien (2407)
35 à 39 ans,35 to 39,35 a 39
98 ans,98 years old,98 anos
45 à 49 ans,45 to 49 years old,45 a 49 anos
50 ans,50 years,50 anos
Année  1923,Year 1923,Ano de 1923
Aucun diplôme et scolarité interrompue à la fin du primaire ou avant la fin du collège,No diploma and schooling interrupted at the end of primary school or before the end of college,Nenhum diploma e escolaridade interrompidos no final da escola primária ou antes do final da faculdade
Employé,Employee,Funcionário
Organisation de jeux de hasard et d'argent,Organization of games of chance and money,Organização de Jogos de Chance e Dinheiro
Lyon (8421),Lyon (8421),Lyon (8421)
82 ans,82 years old,82 anos
La Roche-sur-Yon (5210),La Roche-sur-Yon (5210),La Roche-sur-yon (5210)
Le Mont Blanc (8418),Le Mont Blanc (8418),Le Mont Blanc (8418)
Saint-Omer (3219),Saint-Omer (3219),Saint-omer (3219)
Corse,Corsica,Córsega
Sud Basse-Terre (0105),South Basse-Terre (0105),South Basse-Terre (0105)
Année  1929,Year 1929,Ano de 1929
Année  1979,Year 1979,Ano de 1979
Oloron-Sainte-Marie (7521),Oloron-Sainte-Marie (7521),Oloron-Sainte-Marie (7521)
Autres industries extractives,Other extractive industries,Outras indústrias extrativas
Cergy-Vexin (1101),Cergy-Vexin (1101),Cergy-Vexin (1101)
Salariés,Employees,Funcionários
Agen (7501),Agen (7501),Agen (7501)
Bretagne,Brittany,Brittany
Charleville-Mézières (4403),Charleville-Mézières (4403),Charleville-Mézières (4403)
Sainte-Maxime (9317),Sainte-Maxime (9317),Sainte-Maxime (9317)
Année  1948,Year 1948,Ano de 1948
Professions intermédiaires administratives et commerciales des entreprises,Administrative and commercial intermediary professions of companies,Profissões intermediárias administrativas e comerciais de empresas
Ouest-Guyanais (0302),Ouest-Guyana (0302),Ouest-Guyana (0302)
Chambéry (8407),Chambéry (8407),Chambéry (8407)
Périgueux (7523),Périgueux (7523),Périgueux (7523)
Gap (9310),GAP (9310),Gap (9310)
Le Livradois (8417),Le Livradois (8417),Le Livradois (8417)
43 ans,43 years,43 anos
Année  1963,Year 1963,Ano de 1963
Ussel (0063),Ussel (0063),USSEL (0063)
Année  1938,Year 1938,Ano de 1938
Angers (5202),Angers (5202),Angers (5202)
Année  1996,Year 1996,Ano de 1996
Argentan (2801),Argentan (2801),Argentão (2801)
La Vallée de l'Arve (8414),The Arve valley (8414),O vale Arve (8414)
Année  1961,Year 1961,Ano de 1961
Châteaudun (2404),Châteaudun (2404),Châteaudun (2404)
Millau (7614),Millau (7614),Millau (7614)
72 ans,72 years old,72 anos
Année  1960,Year 1960,Ano de 1960
Laon (3214),Laon (3214),Laon (3214)
Le Nord-Atlantique (0203),North Atlantic (0203),Atlântico Norte (0203)
Dans une autre région: France métropolitaine,In another region: Metropolitan France,Em outra região: a França Metropolitana
42 ans,42 years old,42 anos
Limoges (7517),Limoges (7517),Limoges (7517)
La Plaine du Forez (8412),The Forez plain (8412),A PLAINHA PLAINHA (8412)
Actifs ayant un emploi s'étant déclaré en autre situation,Assets having a job having declared in other situation,Ativos tendo um emprego declarado em outra situação
"Conducteurs de véhicules de transport, chauffeurs-livreurs, coursiers","Transport vehicle drivers, leather drivers, couriers","Motoristas de transporte, motoristas de couro, correios"
Vire Normandie (2818),Vire Normandie (2818),Vire Normandie (2818)
Arles (0052),Arles (0052),Arles (0052)
Vitry-le-François Saint-Dizier (4427),Vitry-le-François Saint-Dizier (4427),Vitry-le-François Saint-Dizier (4427)
Le Sud (0404),The South (0404),O sul (0404)
25 ans,25 years,25 anos
Saint-Nazaire (5219),Saint-Nazaire (5219),Saint-Nazaire (5219)
"Programmation, conseil et autres activités informatiques","Programming, advice and other IT activities","Programação, conselhos e outras atividades de TI"
Le Puy en Velay (8419),Le Puy en Velay (8419),Le Puy en Velay (8419)
Yvetot-Vallée du Commerce (2819),Yvet -t-Vallée du Commerce (2819),Yvet -t -vallée du Commerce (2819)
111 ans,111 years old,111 anos
La Tarentaise (8413),La Tarentaise (8413),La Tarentaise (8413)
Métallurgie,Metallurgy,Metalurgia
Activités auxiliaires de services financiers et d'assurance,Auxiliary financial services and insurance activities,Serviços financeiros auxiliares e atividades de seguro
Provence-Alpes-Côte d'Azur,Provence-Alpes-Côte d'Azur,Provence-Alpes-Côte d'Azur
Année  1993,Year 1993,Ano de 1993
Avallon (2703),Avallon (2703),AVALLON (2703)
Roanne (8426),Roanne (8426),Roanne (8426)
"Collecte et traitement des eaux usées, traitement des déchets et dépollution","Wastewater collection and treatment, waste treatment and depollution","Coleta e tratamento de águas residuais, tratamento de resíduos e despolução"
Transports et entreposage,Transport and storage,Transporte e armazenamento
"Fabrication de denrées alimentaires, de boissons et  de produits à base de tabac","Manufacture of food, drinks and tobacco products","Fabricação de alimentos, bebidas e produtos de tabaco"
Pas de transport,No transport,Sem transporte
Nîmes (7618),Nîmes (7618),Nîmes (7618)
"Baccalauréat général ou technologique, brevet supérieur, capacité en droit, DAEU, ESEU","General or technological baccalaureate, higher patent, law capacity, daeu, eseu","Bacharelado geral ou tecnológico, maior patente, capacidade da lei, daeu, ESEU"
Activités extra-territoriales,Extra-territorial activities,Atividades extra-territoriais
Lesparre-Médoc (7515),Lesparre-Médoc (7515),Lesparre-Médoc (7515)
Saint-Gaudens (7622),Saint-Gaudens (7622),Saint-Gaudens (7622)
Foix-Pamiers (7612),Foix-Pamiers (7612),FOIX-Pamiers (7612)
Compiègne (3210),Compiègne (3210),Compiègne (3210)
Année  1985,Year 1985,Ano de 1985
Chefs d'entreprise de plus de 10 personnes,Business leaders of more than 10 people,Líderes empresariais de mais de 10 pessoas
Transports terrestres et transport par conduites,Land transport and transportation by conduct,Transporte terrestre e transporte por conduta
"Emplois sans limite de durée, CDI, titulaire de la fonction publique","Jobs without duration, permanent contract, holder of the public service","Empregos sem duração, contrato permanente, detentor do serviço público"
Fabrication de meubles,Furniture manufacturing,Fabricação de móveis
Autres industries manufacturières,Other manufacturing industries,Outras indústrias de manufatura
Femmes,Women,Mulheres
Personnels des services directs aux particuliers,Direct services to individuals,Serviços diretos para indivíduos
Agriculteur,Farmer,Agricultor
63 ans,63 years,63 anos
Année  1964,Year 1964,Ano de 1964
Assurance,Insurance,Seguro
Coutances (2806),Coutances (2806),Coutances (2806)
Deux-roues motorisé,Motorized two-wheeler,Motorizado de duas rodas
Activités juridiques et comptables ; conseil de gestion ; activités des sièges sociaux,Legal and accounting activities; management board; Skills activities,Atividades legais e contábeis; Conselho de Administração; Atividades de habilidades
Douai (3212),Douai (3212),Douai (3212)
Pontivy-Loudéac (5312),Pontivy-Loudéac (5312),Pontivy-Loudéac (5312)
Auch (7604),AUCH (7604),Auch (7604)
68 ans,68 years old,68 anos
Autres industries manufacturières ; réparation et installation de machines et d'équipements,Other manufacturing industries; repair and installation of machines and equipment,Outras indústrias de manufatura; reparo e instalação de máquinas e equipamentos
Année  1965,Year 1965,Ano de 1965
Activités des sièges sociaux ; conseil de gestion,Skills activities; management advice,Atividades de habilidades; conselhos de gerenciamento
Activités administratives et autres activités de soutien aux entreprises,Administrative activities and other business support activities,Atividades administrativas e outras atividades de suporte de negócios
115 ans,115 years,115 anos
Ministres du culte et religieux consacrés,Ministers of worship and religious consecrated,Ministros de adoração e religioso consagrado
Activités des organisations associatives,Activities activities,Atividades de atividades
Bollène-Pierrelatte (0055),Bollène-Pierrelatte (0055),Bollène-Pierrelatte (0055)
Cadres administratifs et techniques de la fonction publique,Administrative and technical executives of the public service,Executivos administrativos e técnicos do serviço público
Bar-le-Duc (4401),Bar-le-Duc (4401),Bar-le-Duc (4401)
Chinon (2406),Chinon (2406),Chinon (2406)
Industrie du papier et du carton,Paper and cardboard industry,Indústria de papel e papelão
Dreux (0057),Dreux (0057),Dreux (0057)
Commerce et réparation d'automobiles et de motocycles,Trade and repair of cars and motorcycles,Comércio e reparo de carros e motocicletas
79 ans,79 years old,79 anos
Ouvriers peu qualifiés de type artisanal,Low -skilled workers of the artisanal type,Trabalhadores baixos do tipo artesanal
Services d'information,Information services,Serviços de informação
Pontarlier (2715),Pontarlier (2715),Pontarlier (2715)
Année  1919,Year 1919,Ano de 1919
Année  1932,Year 1932,Ano de 1932
Extraction de minerais métalliques,Metal mineral extraction,Extração mineral de metal
Côte sous le vent (0101),Wind coast (0101),Wind Coast (0101)
Montélimar (8422),Montélimar (8422),Montélimar (8422)
Lannion (5308),Lannion (5308),Lannion (5308)
Bourgogne-Franche-Comté,Bourgogne-Franche-Comté,Bourgogne-Franche-Com-Comté
Roissy (1112),Roissy (1112),Roissy (1112)
85 ans,85 years,85 anos
Sélestat (4422),Sélestat (4422),Sélestat (4422)
Fabrication de machines et équipements (non compris ailleurs),Manufacturing of machines and equipment (not included elsewhere),Fabricação de máquinas e equipamentos (não incluídos em outros lugares)
Verdun (4426),Verdun (4426),Verdun (4426)
"Travail du bois, industries du papier et imprimerie","Wood work, paper industries and printing","Trabalho de madeira, indústrias de papel e impressão"
Année  1962,Year 1962,Ano de 1962
15 ans,15 years old,15 anos
Année  1922,Year 1922,Ano de 1922
Mende (7613),Mende (7613),Mende (7613)
Pays de la Loire,Pays de la Loire,Paga de la loire
Lamballe-Armor (5307),Lamballe-Armor (5307),Lamballe Armor (5307)
"Fabrication de textiles, industries de l'habillement, industrie du cuir et de la chaussure","Manufacture of textiles, clothing industries, leather and shoe industry","Fabricação de têxteis, indústrias de roupas, indústria de couro e calçada"
Vélo (y compris à assistance électrique),Bike (including electric assistance),Bicicleta (incluindo assistência elétrica)
75 à 79 ans,75 to 79 years old,75 a 79 anos
Forbach (4408),Forbach (4408),Forbach (4408)
"Commerce de détail, à l'exception des automobiles et des motocycles","Retail, with the exception of cars and motorcycles","Varejo, com exceção de carros e motocicletas"
102 ans,102 years old,102 anos
Année  1921,Year 1921,Ano de 1921
Montpellier (7616),Montpellier (7616),Montpellier (7616)
Année  1944,Year 1944,Ano de 1944
Guyane,Guyana,Guiana
Tours (2413),Tours (2413),Passeios (2413)
Châteauroux (2405),Châteauroux (2405),Châteauroux (2405)
"Fabrication de denrées alimentaires, de boissons et de produits à base de tabac","Manufacture of food, drinks and tobacco products","Fabricação de alimentos, bebidas e produtos de tabaco"
Année 2006,Year 2006,Ano de 2006
80 ans,80 years,80 anos
Saint-Claude (2716),Saint-Claude (2716),Saint-Claude (2716)
Sans objet (pas d'inscription dans un établissement d'enseignement),Not applicable (no registration in an educational institution),Não aplicável (sem registro em uma instituição educacional)
Ouvriers qualifiés de type industriel,Industrial type qualified workers,Trabalhadores qualificados do tipo industrial
Administration publique,Public administration,Administração Pública
Belfort (2705),Belfort (2705),Belfort (2705)
"Employés administratifs de la fonction publique, agents de service et auxiliaires de santé","Administrative employees of the public service, service agents and health assistants","Funcionários administrativos do serviço público, agentes de serviço e assistentes de saúde"
Mâcon (0059),Mâcon (0059),Mâcon (0059)
"Fabrication de produits informatiques, électroniques et optiques","Manufacturing of IT, electronic and optical products","Fabricação dele, produtos eletrônicos e ópticos"
"Artisan, commerçant et chef d'entreprise","Craftsman, trader and business manager","Artesão, comerciante e gerente de negócios"
21 ans,21 years old,21 anos
Bayonne (7503),Bayonne (7503),Bayonne (7503)
Creil (3211),Creil (3211),Creil (3211)
"Ouvriers agricoles, des travaux forestiers, de la pêche et de l'aquaculture","Agricultural workers, forestry, fishing and aquaculture","Trabalhadores agrícolas, silvicultura, pesca e aquicultura"
Le Sud-Caraibe (0206),South Caraibe (0206),South Caraibe (0206)
73 ans,73 years old,73 anos
"Ailleurs, dans le (un) département de la zone d'emploi","Elsewhere, in the (one) department of the employment zone","Em outros lugares, no departamento (um) da zona de emprego"
Dans une autre région: COM,In another region: com,Em outra região: com
Brive-la-Gaillarde (7507),Brive-la-Gaillarde (7507),Brive-La-Gaillarde (7507)
Les Herbiers-Montaigu (5213),Les Herbiers-Montaigu (5213),Les Herbiers-Montaigu (5213)
115 à 119 ans,115 to 119 years,115 a 119 anos
Activités juridiques et comptables,Legal and accounting activities,Atividades legais e contábeis
Montluçon (8423),Montluçon (8423),Montluçon (8423)
"Travail du bois et fabrication d'articles en bois et en liège, à l'exception des meubles ; fabrication d'articles en vannerie et sparterie","Wood work and manufacturing of wood and cork items, with the exception of furniture; Manufacturing of basketry and sparry items","Trabalho de madeira e fabricação de itens de madeira e cortiça, com exceção dos móveis; Fabricação de itens de cesta e esparry"
Béthune (3205),Béthune (3205),Béthune (3205)
45 ans,45 years,45 anos
Centre-Val de Loire,Center-Val de Loire,Centro-Val de Loire
Année  1935,Year 1935,Ano de 1935
Saint Etienne (8428),Saint Etienne (8428),Saint Etienne (8428)
Normandie,Normandy,Normandia
104 ans,104 years old,104 anos
Année  1968,Year 1968,Ano de 1968
Année  1917,Year 1917,Ano de 1917
Aix-en-Provence (9301),Aix-en-Provence (9301),AIX-en provence (9301)
Le Nord-Caraibe (0204),North Caraibe (0204),North Caraibe (0204)
Fontenay-le-Comte (5207),Fontenay-le-Comte (5207),Fontenay-le-com (5207)
Est Grande Terre (0102),Is large land (0102),É uma terra grande (0102)
"Programmation, conseil et autres activités informatiques ; services d'information","Programming, advice and other IT activities; information services","Programação, conselhos e outras atividades de TI; Serviços de informação"
Calvi (9403),Calvi (9403),Calvi (9403)
Cherbourg en Cotentin (2805),Cherbourg en Cotentin (2805),Cherbourg en cotentin (2805)
Nevers (0060),Nevers (0060),Nevers (0060)
Vendôme (2414),Vendôme (2414),Vendôme (2414)
Information et communication,Information and communication,Informação e comunicação
38 ans,38 years old,38 anos
"Activités des agences de voyage, voyagistes, services de réservation et activités connexes","Travel agencies, tour operators, reservation services and related activities","Agências de viagens, operadores turísticos, serviços de reserva e atividades relacionadas"
La Teste-de-Buch (7513),La Teste-de-Buch (7513),La Teste-de-Buch (7513)
Placés par une agence d'intérim,Placed by an temporary agency,Colocado por uma agência temporária
Cognac (7509),Cognac (7509),Cognac (7509)
57 ans,57 years,57 anos
96 ans,96 years,96 anos
99 ans,99 years old,99 anos
Saint-Avold (4416),Saint-Avold (4416),Saint-Avold (4416)
Travaux de construction spécialisés,Specialized construction work,Trabalho de construção especializado
Lisieux (2814),Lisieux (2814),Lisieux (2814)
Fabrication de machines et équipements n.c.a.,Manufacturing of N.C.A.,Fabricação de N.C.A.
Montauban (7615),Montauban (7615),Montauban (7615)
Angoulême (7502),Angoulême (7502),Angoulême (7502)
65 ans,65 years,65 anos
Tarare (8430),Tarare (8430),Tarare (8430)
Cannes (9304),Cannes (9304),Cannes (9304)
Année  2000,Year 2000,Ano 2000
Hébergement médico-social et social et action sociale sans hébergement,Medico-social and social accommodation and social action without accommodation,Medico-social e acomodação social e ação social sem acomodação
"Autres activités spécialisées, scientifiques et techniques et activités vétérinaires","Other specialized, scientific and technical activities and veterinary activities","Outras atividades especializadas, científicas e técnicas e atividades veterinárias"
Remiremont (4414),Remiremont (4414),Remiremont (4414)
Année  1998,Year 1998,Ano de 1998
Non salariés : Aides familiaux,Non -salaried: family assistance,Não escalonado: Assistência Familiar
112 ans,112 years old,112 anos
Auray (5301),Auray (5301),Auray (5301)
Employés administratifs d'entreprise,Corporate administrative employees,Funcionários administrativos corporativos
"Commerce de gros, à l'exception des automobiles et des motocycles","Wholesale, with the exception of cars and motorcycles","Atacado, com exceção de carros e motocicletas"
Activités indifférenciées des ménages en tant que producteurs de biens et services pour usage propre,Undifferentiated activities of households as producers of goods and services for clean use,Atividades indiferenciadas das famílias como produtores de bens e serviços para uso limpo
Réparation d'ordinateurs et de biens personnels et domestiques,Compensation for computers and personal and domestic goods,Compensação para computadores e bens pessoais e domésticos
49 ans,49 years old,49 anos
Cadres,Executives,Executivos
Saint-Malo (5317),Saint-Malo (5317),Saint-Malo (5317)
Vannes (5318),Vannes (5318),Vannes (5318)
Les Sources de la Loire (8420),The sources of the Loire (8420),As fontes do loire (8420)
Année  1990,Year 1990,Ano de 1990
Année  1975,Year 1975,Ano de 1975
Saint-Lô (2816),Saint-Lô (2816),Saint-Lô (2816)
33 ans,33 years old,33 anos
Extraction de houille et de lignite,Coal and lignite extraction,Extração de carvão e linhita
97 ans,97 years old,97 anos
Services relatifs aux bâtiments et aménagement paysager,Services relating to buildings and landscaping,Serviços relacionados a edifícios e paisagismo
Cosne-Cours-sur-Loire (0056),Cosne-Cours-sur-Loire (0056),Cosne-Cours-sur-loire (0056)
Auvergne-Rhône-Alpes,Auvergne-Rhône-Alpes,Auvergne-rhône-alpes
Bernay (2803),Bernay (2803),Bernay (2803)
Programmation et diffusion,Programming and distribution,Programação e distribuição
L'Ouest (0402),West (0402),Oeste (0402)
Le Havre (2813),Le Havre (2813),Le Havre (2813)
Redon (0062),Redon (0062),Redon (0062)
Savanes (0303),Savanes (0303),Savanes (0303)
Année  1914,Year 1914,Ano de 1914
Marie-Galante (0103),Marie-Galante (0103),Marie-Galante (0103)
Menton (9314),Menton (9314),Menton (9314)
Fabrication de produits à base de tabac,Tobacco -based products manufacturing,Fabricação de produtos baseados em tabaco
Chaumont (4404),Chaumont (4404),Chaumont (4404)
Roubaix-Tourcoing (3218),Roubaix-Tourcoing (3218),RoubAix-Tourcoing (3218)
Langon (7514),Langon (7514),Langon (7514)
Edition,Edition,Edição
La Ferté-Bernard (5208),La Ferté-Bernard (5208),La Ferté-Bernard (5208)
Manosque (9311),Manosque (9311),Manosco (9311)
Professions libérales,Liberal professions,Profissões liberais
Ouvrier,Worker,Trabalhador
Région Pointoise (0104),Pointoise region (0104),Região de Pontoise (0104)
Année  1941,Year 1941,Ano de 1941
Challans (5203),Challans (5203),Challans (5203)
Provins (1110),Provins (1110),Provas (1110)
Thouars (7530),Thouars (7530),Thouars (7530)
84 ans,84 years old,84 anos
Télécommunications,Telecommunications,Telecomunicações
Année  1924,Year 1924,Ano de 1924
20 à 24 ans,20 to 24,20 a 24
Quimper (5313),Quimper (5313),Quimper (5313)
Enseignement,Education,Educação
Pêche et aquaculture,Fishing and aquaculture,Pesca e aquicultura
Année  1933,Year 1933,Ano de 1933
"CAP, BEP ou diplôme de niveau équivalent","CAP, BEP or equivalent level diploma","Cap, BEP ou diploma de nível equivalente"
Blois (2401),Blois (2401),Blois (2401)
Sarreguemines (4420),Sarreguemines (4420),Sarreguemines (4420)
Activités liées à l'emploi,Employment -related activities,Atividades relacionadas ao emprego
Artisans,Craftsmen,Craftsmen
Grenoble (8409),Grenoble (8409),Grenoble (8409)
52 ans,52 years old,52 anos
Belley (8404),Belley (8404),Belley (8404)
Transports en commun,Public transport,Transporte público
65 à 69 ans,65 to 69 years old,65 a 69 anos
47 ans,47 years old,47 anos
Temps partiel,Part -time,Tempo parcial
"Voiture, camion, fourgonnette","Car, truck, van","Carro, caminhão, van"
Bergerac (7504),Bergerac (7504),Bergerac (7504)
Transports par eau,Water transport,Transporte de água
Granville (2810),Granville (2810),Granville (2810)
Sedan (4421),Sedan (4421),Sedan (4421)
"Industries extractives, énergie, eau, gestion des déchets et dépollution","Extractive industries, energy, water, waste management and depollution","Indústrias extrativas, energia, água, gerenciamento de resíduos e depolluição"
78 ans,78 years old,78 anos
Vernon-Gisors (2817),Vernon-Gisors (2817),Vernon-Gisors (2817)
Aucun diplôme et scolarité jusqu’à la fin du collège ou au-delà,No diploma and schooling until the end of college or beyond,Sem diploma e escolaridade até o final da faculdade ou além
Fabrication d'équipements électriques,Manufacturing of electrical equipment,Fabricação de equipamentos elétricos
"BEPC, brevet élémentaire, brevet des collèges, DNB","BEPC, elementary patent, college patent, DNB","BEPC, patente elementar, patente da faculdade, DNB"
L'Aigle (2812),The eagle (2812),The Eagle (2812)
Restauration,Restoration,Restauração
Orléans (2410),Orléans (2410),Orléans (2410)
Marseille (9312),Marseille (9312),Marselha (9312)
Hébergement et restauration,Accommodation and catering,Acomodação e catering
19 ans,19 years old,19 anos
Maubeuge (3217),Maubeuge (3217),Maubeuge (3217)
"Collecte, traitement et élimination des déchets ; récupération","Collection, treatment and elimination of waste; recovery","Coleta, tratamento e eliminação de resíduos; recuperação"
Ploërmel (5311),Ploërmel (5311),Ploërmel (5311)
Grand Est,Large east,Grande leste
"Captage, traitement et distribution d'eau","Water capture, treatment and distribution","Captura, tratamento e distribuição de água"
Le Nord (0403),The North (0403),O norte (0403)
Morlaix (5310),Morlaix (5310),Morlaix (5310)
Année  1952,Year 1952,Ano de 1952
Royan (7526),Royan (7526),Royan (7526)
Activités scientifiques et techniques ; services administratifs et de soutien,Scientific and technical activities; Administrative and support services,Atividades científicas e técnicas; Serviços administrativos e de suporte
Moulins (8424),Moulins (8424),Moulins (8424)
90 ans,90 years,90 anos
Activités immobilières,Real estate activities,Atividades imobiliárias
46 ans,46 years,46 anos
Année  1994,Year 1994,Ano de 1994
La Flèche (5209),La Flèche (5209),La Flèche (5209)
Cambrai (3208),Cambrai (3208),Cambrai (3208)
Année  1939,Year 1939,Ano de 1939
Activités des ménages en tant qu'employeurs de personnel domestique,Household activities as supporters of domestic personnel,Atividades domésticas como apoiadores do pessoal doméstico
"BTS, DUT, Deug, Deust, diplôme de la santé ou du social de niveau bac+2, diplôme équivalent","BTS, DUT, DEUG, DEUST, health or social diploma at Bac+2 level, equivalent diploma","BTS, DUT, DEUG, deust, saúde ou diploma social a nível BAC+2, diploma equivalente"
Thionville (4424),Thionville (4424),Thionville (4424)
La Maurienne (8411),La Maurienne (8411),La Maurienne (8411)
Niort (7520),Niort (7520),Niort (7520)
"Arts, divertissement et musées","Arts, entertainment and museums","Artes, entretenimento e museus"
Année  1946,Year 1946,Ano de 1946
Activités financières et d'assurance,Financial and insurance activities,Atividades financeiras e de seguro
Rochefort (7525),Rochefort (7525),Rochefort (7525)
Année  1978,Year 1978,Ano de 1978
"Emplois aidés (contrat unique d'insertion, d'initiative emploi, d'accompagnement dans l'emploi, avenir, etc.)","Helped jobs (unique integration contract, employment initiative, employment support, future, etc.)","Ajudou empregos (contrato de integração exclusivo, iniciativa de emprego, apoio ao emprego, futuro etc.)"
Cavaillon (9306),Cavaillon (9306),Cavaillon (9306)
26 ans,26 years old,26 anos
La Rochelle (7512),La Rochelle (7512),La Rochelle (7512)
106 ans,106 years,106 anos
Vitré (5319),Vitré (5319),Vitré (5319)
Employés de commerce,Commercial employees,Funcionários comerciais
CEP (certificat d’études primaires),CEP (Primary Studies Certificate),CEP (Certificado de Estudos Primários)
60 ans,60 years,60 anos
62 ans,62 years old,62 anos
Guadeloupe,Guadeloupe,Guadalupe
Châteaubriant (5205),Châteaubriant (5205),Châteaubriant (5205)
Année  1940,Year 1940,Ano de 1940
40 ans,40 years,40 anos
Saintes (7528),Saintes (7528),SANTES (7528)
Castelsarrasin-Moissac (7609),Castelsarrasin-Moissac (7609),Castelsarrasin-Moissac (7609)
Année  1999,Year 1999,Ano de 1999
Chalon-sur-Saône (2707),Chalon-sur-Saône (2707),Chalon-sur-Saône (2707)
France métropolitaine,Metropolitan France,Metropolitan France
Flers (2809),Flers (2809),Flers (2809)
Dépollution et autres services de gestion des déchets,Depollution and other waste management services,Depollution e outros serviços de gerenciamento de resíduos
La Vallée de la Bresle-Vimeu (0058),The Bresle-Vimeu valley (0058),O vale Bresle-Vimeu (0058)
Guéret (7511),Guéret (7511),Guéret (7511)
101 ans,101 years old,101 anos
80 à 84 ans,80 to 84,80 a 84
"Baccalauréat professionnel, brevet professionnel, de technicien ou d’enseignement, diplôme équivalent","Professional baccalaureate, professional patent, technician or teaching, equivalent diploma","Bacharelado profissional, patente profissional, técnico ou ensino, diploma equivalente"
"Commerce de gros et de détail, transports, hébergement et restauration","Wholesale and retail, transport, accommodation and catering","Atacado e varejo, transporte, acomodação e catering"
Vienne-Annonay (8433),Vienne-Annonay (8433),Vienne-Annonay (8433)
22 ans,22 years old,22 anos
Nouvelle-Aquitaine,New Aquitaine,Nova Aquitânia
Mayenne (5215),Mayenne (5215),Mayenne (5215)
"Marche à pied (ou rollers, patinette)","Walking (or rollerblades, skate)","Caminhando (ou patins, skate)"
75 ans,75 years,75 anos
Année  1967,Year 1967,Ano de 1967
Amiens (3202),Amiens (3202),Amiens (3202)
27 ans,27 years old,27 anos
Édition,Edition,Edição
Meaux (1107),Meaux (1107),Meaux (1107)
Activités des ménages en tant qu'employeurs ; activités indifférenciées des ménages en tant que producteurs de biens et services pour usage propre,Household activities as employers; undifferentiated activities of households as producers of goods and services for clean use,Atividades domésticas como empregadores; atividades indiferenciadas das famílias como produtores de bens e serviços para uso limpo
Arras (3203),Arras (3203),Arras (3203)
Troyes (4425),Troyes (4425),Troyes (4425)
88 ans,88 years old,88 anos
Marne-la-Vallée (1106),Marne-la-Vallée (1106),Marne-La-Vallée (1106)
110 ans,110 years,110 anos
Abbeville (3201),Abbeville (3201),Abbeville (3201)
Construction de bâtiments,Construction of buildings,Construção de edifícios
60 à 64 ans,60 to 64 years,60 a 64 anos
Bagnols-sur-Cèze (7605),Bagnols-sur-Cèze (7605),Bagnols-sur-Cèze (7605)
Stagiaires rémunérés en entreprise,Competed trainees in business,Estagiários competidos nos negócios
Activités pour la santé humaine,Human health activities,Atividades de saúde humana
Services de soutien aux industries extractives,Support services for extractive industries,Serviços de suporte para indústrias extrativas
Autres industries manufacturières n.c.a.,Other manufacturing industries N.C.A.,Outras indústrias de manufatura N.C.A.
Propriano (9407),Propriano (9407),Propriano (9407)
Château-Thierry (3209),Château-Thierry (3209),Château-Thierry (3209)
34 ans,34 years old,34 anos
Actifs ayant un emploi s'étant déclaré retraité,Assets having a job having declared retired,Ativos tendo um emprego tendo declarado aposentado
Soissons (3221),Soissons (3221),Soissons (3221)
Berck (3204),Berck (3204),Berck (3204)
30 ans,30 years,30 anos
"Activités spécialisées, scientifiques et techniques et activités de services administratifs et de soutien","Specialized, scientific and technical activities and administrative and support activities","Atividades especializadas, científicas e técnicas e atividades administrativas e de suporte"
Année  1913,Year 1913,Ano de 1913
Voiron (8435),Voiron (8435),Voiron (8435)
Industrie automobile,Automotive industry,Indústria automotiva
Fabrication de boissons,Drinks manufacturing,Fabricação de bebidas
Le Mans (5212),Le Mans (5212),Le Mans (5212)
77 ans,77 years old,77 anos
Orange (9316),Orange (9316),Laranja (9316)
36 ans,36 years old,36 anos
51 ans,51 years,51 anos
Île-de-France,Île-de-France,Île-de-France
Métallurgie et fabrication de produits métalliques à l'exception des machines et des équipements,Metallurgy and manufacturing of metal products with the exception of machines and equipment,"Metalurgia e fabricação de produtos de metal, com exceção de máquinas e equipamentos"
Imprimerie et reproduction d'enregistrements,Printing and reproduction of recordings,Impressão e reprodução de gravações
Année  1986,Year 1986,Ano de 1986
Valenciennes (3222),Valenciennes (3222),Valenciennes (3222)
Année  1937,Year 1937,Ano de 1937
Dunkerque (3213),Dunkirk (3213),Dunkirk (3213)
Année  1974,Year 1974,Ano de 1974
Professeurs et professions scientifiques supérieures,Higher teachers and scientific professions,Professores superiores e profissões científicas
Année  1945,Year 1945,Ano de 1945
Fabrication de textiles,Textile manufacturing,Fabricação têxtil
"Production de films cinématographiques, de vidéo et de programmes de télévision ; enregistrement sonore et édition musicale","Production of cinematographic films, video and television programs; sound recording and musical edition","Produção de filmes cinematográficos, programas de vídeo e televisão; Recordagem de som e edição musical"
Année  1982,Year 1982,Ano de 1982
Chartres (2403),Chartres (2403),Chartres (2403)
Sarrebourg (4419),Sarrebourg (4419),Sarrebourg (4419)
Année  1971,Year 1971,Ano de 1971
Année  1995,Year 1995,Ano de 1995
Bourgoin-Jallieu (8406),Bourgoin-Jallieu (8406),Bourgoin-Jallieu (8406)
Boulogne-sur-Mer (3206),Boulogne-sur-Mer (3206),Boulogne-sur-Mer (3206)
Le Centre-Atlantique (0201),Center-Atlantic (0201),Center-Atlantic (0201)
Année  1928,Year 1928,Ano de 1928
Castres-Mazamet (7610),Castres-Mazamet (7610),Castres-Mazamet (7610)
Valence (8431),Valence (8431),Valência (8431)
59 ans,59 years old,59 anos
"Agriculture, sylviculture et pêche","Agriculture, forestry and fishing","Agricultura, silvicultura e pesca"
"Production et distribution d'électricité, de gaz, de vapeur et d'air conditionné","Production and distribution of electricity, gas, steam and air conditioning","Produção e distribuição de eletricidade, gás, vapor e ar condicionado"
"Production et distribution d'eau ; assainissement, gestion des déchets et dépollution","Water production and distribution; Sanitation, waste management and depollution","Produção e distribuição de água; Saneamento, gerenciamento de resíduos e despolução"
Non salariés : Indépendants,Self -employed: self -employed,Auto -empregado: auto -empregado
Pas de scolarité ou arrêt avant la fin du primaire,No schooling or stop before the end of primary school,Sem escolaridade ou parar antes do final da escola primária
Beaune (2704),Beaune (2704),Beaune (2704)
Pau (7522),Pau (7522),Pau (7522)
Carpentras (9305),Carpentras (9305),Carpentras (9305)
70 à 74 ans,70 to 74,70 a 74
Romans sur Isère (8427),Novels on Isère (8427),Romances em Isère (8427)
"Edition, audiovisuel et diffusion","Edition, audiovisual and broadcasting","Edição, audiovisual e transmissão"
15 à 19 ans,15 to 19 years old,15 a 19 anos
Brest (5302),Brest (5302),Brest (5302)
Aubenas (8402),Aubenas (8402),Aubenas (8402)
24 ans,24 years old,24 anos
Draguignan (9308),Draguignan (9308),Draguignan (9308)
Dans une autre région : DOM (y compris Mayotte),In another region: DOM (including Mayotte),Em outra região: Dom (incluindo Mayotte)
"Arts, spectacles et activités récréatives","Arts, shows and recreational activities","Artes, shows e atividades recreativas"
Commerçants et assimilés,Traders and similar,Comerciantes e similares
L'Est (0401),East (0401),Leste (0401)
Bastia (9402),Bastia (9402),Bastia (9402)
Cokéfaction et raffinage,Cokecaction and refining,Cokecaction e refino
Actifs ayant un emploi s'étant déclaré homme ou femme au foyer,Assets having a job having declared man or housewife,Ativos tendo um emprego tendo declarado homem ou dona de casa
Année  1908,Year 1908,Ano de 1908
Dinan (5304),Dinan (5304),Dinan (5304)
91 ans,91 years,91 anos
Sète (7623),Sète (7623),Sète (7623)
Mont-de-Marsan (7519),Mont-de-Marsan (7519),Mont-de-Marsan (7519)
"Autres activités spécialisées, scientifiques et techniques","Other specialized, scientific and technical activities","Outras atividades especializadas, científicas e técnicas"
Année  1988,Year 1988,Ano de 1988
Saint-Brieuc (5316),Saint-Brieuc (5316),Saint-Brieuc (5316)
Actifs ayant un emploi s'étant déclaré élève,Assets having a job having declared a student,Ativos tendo um emprego tendo declarado um aluno
86 ans,86 years old,86 anos
Industrie pharmaceutique,Pharmaceutical industry,Indústria farmacêutica
"Production de films cinématographiques, de vidéo et de programmes de télévision ; enregistrement sonore et édition musicale ; programmation et diffusion","Production of cinematographic films, video and television programs; sound recording and musical edition; Programming and distribution","Produção de filmes cinematográficos, programas de vídeo e televisão; gravação de som e edição musical; Programação e distribuição"
Industrie chimique,Chemical,Químico
105 ans,105 years,105 anos
"Bibliothèques, archives, musées et autres activités culturelles","Libraries, archives, museums and other cultural activities","Bibliotecas, arquivos, museus e outras atividades culturais"
Année  1927,Year 1927,Ano de 1927
"Policiers, militaires, pompiers, agents de sécurité privée","Police, soldiers, firefighters, private security agents","Polícia, soldados, bombeiros, agentes de segurança privada"
Industries alimentaires,Food industries,Indústrias de alimentos
Sarlat-La-Canéda (7529),Sarlat-la-Canéda (7529),Sarlat-La-Canéda (7529)
39 ans,39 years old,39 anos
Digne-les-Bains (9307),Digne-les-Bains (9307),Digne-les-Bains (9307)
Etampes (1103),Etampes (1103),Etampes (1103)
Cadres des services administratifs et commerciaux d'entreprise,COMPANY Administrative and commercial services executives,Executivos administrativos e de serviços comerciais da empresa
Fontainebleau-Nemours (1105),Fontainebleau-Nemours (1105),Fontainebleau-Nemours (1105)
Le Sud (0205),The South (0205),O sul (0205)
Alès-Le Vigan (7603),Alès-le Vigan (7603),Alès-Le Vigan (7603)
Année  1949,Year 1949,Ano de 1949
Année  1954,Year 1954,Ano de 1954
Année  2003,Year 2003,Ano de 2003
Strasbourg (4423),Strasbourg (4423),Estrasburgo (4423)
Châtellerault (7508),Châtellerault (7508),Châtelleroult (7508)
Année  1992,Year 1992,Ano de 1992
Année  1981,Year 1981,Ano de 1981
Activités informatiques et services d'information,IT activities and information services,Atividades de TI e serviços de informação
Vierzon (2415),Vierzon (2415),Vierzon (2415)
Ancenis (5201),Ancenis (5201),Ancenis (5201)
Tulle (7531),Tulle (7531),Tule (7531)
Nancy (4412),Nancy (4412),Nancy (4412)
Rouen (2815),Rouen (2815),Rouen (2815)
Cholet (5206),Cholet (5206),Cholet (5206)
Dans une autre région: DOM (y compris Mayotte),In another region: DOM (including Mayotte),Em outra região: Dom (incluindo Mayotte)
64 ans,64 years old,64 anos
Carcassonne-Limoux (7608),Carcassonne-Limoux (7608),Carcassonne-Limoux (7608)
Romorantin-Lanthenay (2412),Romorantin-Lanthenay (2412),Romorantin-Lanthenay (2412)
Activités d'architecture et d'ingénierie ; activités de contrôle et analyses techniques,Architecture and engineering activities; Control activities and technical analyzes,Atividades de arquitetura e engenharia; Atividades de controle e análises técnicas
"Activités juridiques, comptables, de gestion, d'architecture, d'ingénierie, de contrôle et d'analyses techniques","Legal, accounting, management, architecture, engineering, control and technical analysis","Análise Legal, Contabilidade, Gerenciamento, Arquitetura, Engenharia, Controle e Técnico"
Occitanie,Occitania,Occitânia
Saint-Dié-des-Vosges (4417),Saint-Dié-des-Vosges (4417),Saint-dié-des-Vosges (4417)
Profession intermédiaire,Intermediate profession,Profissão intermediária
Dans une autre région : France métropolitaine,In another region: Metropolitan France,Em outra região: a França Metropolitana
18 ans,18 years old,18 anos
Châlons-en-Champagne (4402),Châlons-en-Champagne (4402),Châlons-en-Champagne (4402)
Nice (9315),Nice (9315),Nice (9315)
108 ans,108 years old,108 anos
17 ans,17 years old,17 anos
Perpignan (7620),Perpignan (7620),Perpignan (7620)
Année  1976,Year 1976,Ano de 1976
Bourges (2402),Bourges (2402),Bourges (2402)
107 ans,107 years,107 anos
Année  2004,Year 2004,Ano de 2004
Année  1955,Year 1955,Ano de 1955
Est-littoral (0301),East-littoral (0301),Oriental (0301)
Épernay (4406),ÉPERNAY (4406),Épernay (4406)
Dans une autre région : COM,In another region: com,Em outra região: com
Oyonnax (8425),OYONNAX (8425),Oyonnax (8425)
Activités de poste et de courrier,Post and mail activities,Publicar e correio atividades
20 ans,20 years old,20 anos
Bordeaux (7505),Bordeaux (7505),Bordeaux (7505)
Année  1997,Year 1997,Ano de 1997
Année  2001,Year 2001,Ano de 2001
Industries extractives,Extractive industries,Indústrias extrativas
Martinique,Martinique,Martinica
Narbonne (7617),Narbonne (7617),Narbonne (7617)
Année  2002,Year 2002,Ano de 2002
Activités des organisations et organismes extraterritoriaux,Activities of organizations and extraterritorial organizations,Atividades de organizações e organizações extraterritoriais
105 à 109 ans,105 to 109 years old,105 a 109 anos
Industrie de l'habillement,Clothing industry,Indústria de roupas
Dax (7510),Dax (7510),Dax (7510)
Villefranche-sur-Saône (8434),Villefranche-sur-Saône (8434),Villefranche-sur-Saône (8434)
DOM,Dom,Dom
55 à 59 ans,55 to 59 years old,55 a 59 anos
Martigues-Salon (9313),Martigues-Salon (9313),Martigues-Salon (9313)
Sens (2717),Sens (2717),Sens (2717)
Issoire (8410),Issoire (8410),ISSOIRE (8410)
Pornic (5217),Pornic (5217),Pornic (5217)
"Activités des services financiers, hors assurance et caisses de retraite","Activities of financial services, excluding insurance and pension funds","Atividades de serviços financeiros, excluindo fundos de seguro e pensão"
Saint-Louis (4418),Saint-Louis (4418),Saint-Louis (4418)
Fougères (5305),Fougères (5305),Fougères (5305)
66 ans,66 years,66 anos
Romilly-sur-Seine (4415),Romilly-sur-Seine (4415),Romilly-sur-seine (4415)
16 ans,16 years old,16 anos
30 à 34 ans,30 to 34,30 a 34
Mulhouse (4411),Mulhouse (4411),Mulhouse (4411)
Épinal (4407),Épinal (4407),Épinal (4407)
Fabrication de produits en caoutchouc et en plastique,Manufacturing of rubber and plastic products,Fabricação de produtos de borracha e plástico
Charolais (2708),Charolais (2708),Charolais (2708)
Quimperlé (5314),Quimperlé (5314),Quimperlé (5314)
31 ans,31 years old,31 anos
Année  1950,Year 1950,Ano de 1950
95 ans,95 years,95 anos
Figeac-Villefranche (7611),Figeac-Villefranche (7611),Figura-Villefranche (7611)
Année 2008,Year 2008,Ano de 2008
Segré-en-Anjou Bleu (5221),Segré-en-Anjou Bleu (5221),Segré-en-anjou bleu (5221)
Rodez (7621),Rodez (7621),Rodez (7621)
Béziers (7606),Béziers (7606),Béziers (7606)
Honfleur Pont-Audemer (2811),Honfleur Pont-Audemer (2811),Honfleur Pont-Audemer (2811)
Enquêtes et sécurité ; services relatifs aux bâtiments et aménagement paysager ; autres activités de soutien,Surveys and security; services relating to buildings and landscaping; Other support activities,Pesquisas e segurança; serviços relacionados a edifícios e paisagismo; Outras atividades de apoio
Année  1972,Year 1972,Ano de 1972
Lons-le-Saunier (2713),Lons-le-Saunier (2713),Lons-le-Saunier (2713)
53 ans,53 years,53 anos
Seine-Yvelinoise (1114),Seine-Yvelinoise (1114),Seine-yvelinoise (1114)
Montargis (2409),Montargis (2409),Montargis (2409)
Colmar (4405),Colmar (4405),Colmar (4405)
Agents de maîtrise (hors maîtrise administrative),Masters agents (excluding administrative mastery),Agentes de mestrado (excluindo o domínio administrativo)
Autres services personnels,Other personal services,Outros serviços pessoais
Albi (7602),Albi (7602),Albi (7602)
Le Genevois Français (8416),French Genevois (8416),Genevois francês (8416)
Ouvriers peu qualifiés de type industriel,Low -skilled industrial workers,Trabalhadores industriais baixos -qualificados
Année  1900,Year 1900,Ano 1900
55 ans,55 years,55 anos
74 ans,74 years old,74 anos
Année  1970,Year 1970,Ano de 1970
Saint-Quentin (3220),Saint-Quentin (3220),Saint-Fentin (3220)
83 ans,83 years old,83 anos
Activités de location et location-bail,Rental and rental-lease activities,Atividades de aluguel e aluguel de aluguel
Vichy (8432),Vichy (8432),Vichy (8432)
Ghisonaccia (9405),Ghisonaccia (9405),Ghisonaccia (9405)
76 ans,76 years old,76 anos
Professions intermédiaires de la santé et du travail social,Intermediate health and social labor professions,Profissões intermediárias de saúde e trabalho social
61 ans,61 years old,61 anos
Carhaix-Plouguer (5303),Carhaix-Plouguer (5303),Carhaix-Plouguer (5303)
95 à 99 ans,95 to 99 years old,95 a 99 anos
Année  1983,Year 1983,Ano de 1983
Annecy (8401),Annecy (8401),Annecy (8401)
Melun (1108),Melun (1108),Melun (1108)
81 ans,81 years old,81 anos
Alençon (0051),Alençon (0051),Alençon (0051)
Année  1984,Year 1984,Ano de 1984
"Autres emplois à durée limitée, CDD, contrat court, saisonnier, vacataire, etc.","Other limited -term jobs, CDD, short, seasonal, temporary contract, etc.","Outros empregos limitados, CDD, curto, sazonal, contrato temporário, etc."
Versailles-Saint-Quentin (1115),Versailles-Saint-Quentin (1115),Versalhes-Saint-Quentin (1115)
Année  1977,Year 1977,Ano de 1977
Besançon (2706),Besançon (2706),Besançon (2706)
